<assembly>
    <id>src</id>
    <formats>
        <format>zip</format>
    </formats>
    <fileSets>
        <fileSet>
            <includes>
                <include>**/*</include>
            </includes>
            <excludes>
                <exclude>**/.project</exclude>
                <exclude>**/.classpath</exclude>
                <exclude>**/target/**</exclude>
                <exclude>bin/**</exclude>
                <exclude>.settings/**</exclude>
            </excludes>
        </fileSet>
    </fileSets>
</assembly>